[
    {
        "date": "03 Oct 2024 - 11:54:48 AM",
        "username": "sabbirrahman",
        "userimg": "2e80c97f-5cb3-41b8-b686-5758a9796d1c (1).jpeg",
        "title": "",
        "img": "msg6389762888-6573.jpg"
    },
    {
        "date": "03 Oct 2024 - 11:58:47 AM",
        "username": "Op Rafe",
        "userimg": "IMG_1794.jpeg",
        "title": " \ud83e\udd70\ud83e\udd70  ",
        "img": "IMG_6352.jpeg"
    },
    {
        "date": "03 Oct 2024 - 11:19:02 AM",
        "username": "Hozaifa",
        "userimg": "",
        "title": "\ud83c\udf38\ud83e\udd40",
        "img": "1000095004.jpg"
    },
    {
        "date": "02 Oct 2024 - 6:48:44 PM",
        "username": "MD BADOL HASHEN",
        "userimg": "1000031315.jpg",
        "title": "",
        "img": "1000055669.jpg"
    },
    {
        "date": "02 Oct 2024 - 5:16:20 PM",
        "username": "Jafor ",
        "userimg": "Screenshot_20240816-171729.jpg",
        "title": "",
        "img": "Screenshot_20240816-171729.jpg"
    },
    {
        "date": "02 Oct 2024 - 3:30:05 PM",
        "username": "Md. Omar Hasan",
        "userimg": "IMG_20241001_191942_207.jpg",
        "title": "\u09a6\u09c3\u09b7\u09cd\u099f\u09bf\u09a4\u09c7 \u09aa\u09cd\u09b0\u09c7\u09ae \u099c\u09dc\u09c7... \ud83c\udf38\r\n\u09b9\u09be\u09b8\u09bf\u09a4\u09c7 \u09b8\u09cd\u09a8\u09bf\u0997\u09cd\u09a7\u09a4\u09be \ud83d\ude42 \u099c\u09a4\u0987\r\n\u09a6\u09c7\u0996\u09bf \u09a4\u09cb\u09ae\u09be\u09b0\u09c7 \u0997\u09bf\u09b0\u09c7 \u09a7\u09b0\u09c7\r\n\u09ae\u09c1\u0997\u09cd\u09a7\u09a4\u09be \ud83c\udf38\ud83c\udf3c\ud83e\udd70",
        "img": "1727306138683.jpg"
    },
    {
        "date": "02 Oct 2024 - 12:25:29 PM",
        "username": "Md Maruf",
        "userimg": "GVQEsWbpdvOLhhuZrKProMqYVOK.jpg",
        "title": "",
        "img": "Screenshot_20241001_193610.jpg"
    },
    {
        "date": "02 Oct 2024 - 11:54:20 AM",
        "username": "MD BADOL HASHEN",
        "userimg": "1000031315.jpg",
        "title": "",
        "img": "1000030921.jpg"
    },
    {
        "date": "01 Oct 2024 - 12:45:23 PM",
        "username": "Shaishob",
        "userimg": "6508fc76c94bc94120ab051152dcb76f.png",
        "title": "",
        "img": "4d8dece801e2b047afd53e57af775169.png"
    },
    {
        "date": "01 Oct 2024 - 11:28:20 AM",
        "username": "MD BADOL HASHEN",
        "userimg": "1000031315.jpg",
        "title": "",
        "img": "1000030926.jpg"
    },
    {
        "date": "28 Sep 2024 - 7:31:58 PM",
        "username": "MD JUBAER ",
        "userimg": "1000004846.jpg",
        "title": "Kop Soon \ud83d\ude06\ud83e\udd11\ud83e\udd11",
        "img": "1000004833.jpg"
    },
    {
        "date": "28 Sep 2024 - 5:54:20 PM",
        "username": "Md Rony",
        "userimg": "1722756066490.jpg",
        "title": "",
        "img": "1727365469757.jpg"
    },
    {
        "date": "28 Sep 2024 - 1:53:49 PM",
        "username": "Juthi Sultana",
        "userimg": "juthi.jpg",
        "title": "I don't know if the photo looks like a cartoon ?",
        "img": "6d883b9dc44906d78c5b8653de96d2d9.jpg"
    },
    {
        "date": "28 Sep 2024 - 11:01:35 AM",
        "username": "Md Rubel",
        "userimg": "1000034243.jpg",
        "title": "",
        "img": "1000030821.jpg"
    },
    {
        "date": "28 Sep 2024 - 10:09:27 AM",
        "username": "sabbirrahman",
        "userimg": "2e80c97f-5cb3-41b8-b686-5758a9796d1c (1).jpeg",
        "title": "",
        "img": "d63f5aad-b761-4a79-9ba1-9f2edbefc934.jpeg"
    },
    {
        "date": "28 Sep 2024 - 10:13:56 AM",
        "username": "AnyFace App",
        "userimg": "appicon.png",
        "title": "A new update will be made on this website\r\nThat is the notifistion system will be done. think You",
        "img": "Purple Futuristic Technology Presentation.png"
    },
    {
        "date": "26 Sep 2024 - 10:10:50 PM",
        "username": "Juthi Sultana",
        "userimg": "juthi.jpg",
        "title": "<h1><a href=\"https:\/\/anyface.readyoffercareer.com\/admin\/\">Click To Open Admin Panel<\/a><\/h1>",
        "img": "allgrp.gif"
    },
    {
        "date": "26 Sep 2024 - 9:06:27 PM",
        "username": "alshahed_biswas",
        "userimg": "Untitled-1.png",
        "title": "hi",
        "img": "441037628_297764543389291_4585970520463638296_n.jpg"
    },
    {
        "date": "26 Sep 2024 - 8:11:27 PM",
        "username": "alshahed_biswas",
        "userimg": "Untitled-1.png",
        "title": "ShaheDevise",
        "img": "Shahedevise.png"
    },
    {
        "date": "26 Sep 2024 - 7:05:27 PM",
        "username": "Md Mamun",
        "userimg": "20240910_222135.jpg",
        "title": "",
        "img": "190d704a-e5cf-4cd8-9f49-356ac77ea4f2.jpg"
    },
    {
        "date": "26 Sep 2024 - 5:11:48 PM",
        "username": "Sourov",
        "userimg": "1723456337485.jpg",
        "title": "",
        "img": "1723614547483_1.jpg"
    },
    {
        "date": "26 Sep 2024 - 5:08:59 PM",
        "username": "Rubel hossen",
        "userimg": "1725867729501.jpg",
        "title": "",
        "img": "1723807029754.jpg"
    },
    {
        "date": "26 Sep 2024 - 4:11:10 PM",
        "username": "MD Rifat",
        "userimg": "Screenshot_20240804_204704_TikTok.png",
        "title": "",
        "img": "image_search_1706875952099.jpg"
    },
    {
        "date": "26 Sep 2024 - 4:03:37 PM",
        "username": "Md Rubel",
        "userimg": "1000034243.jpg",
        "title": "",
        "img": "1000033926.jpg"
    },
    {
        "date": "26 Sep 2024 - 10:47:31 AM",
        "username": "sabbirrahman",
        "userimg": "2e80c97f-5cb3-41b8-b686-5758a9796d1c (1).jpeg",
        "title": "hi",
        "img": "5eb6e841-4073-4f17-9449-ad497e203287.jpeg"
    },
    {
        "date": "26 Sep 2024 - 7:42:32 AM",
        "username": "Juthi Sultana",
        "userimg": "juthi.jpg",
        "title": "I just edited photos with <b>AI<\/b>, I don't know how it is",
        "img": "ai-generated-8703679_1920.jpg"
    },
    {
        "date": "25 Sep 2024 - 5:01:29 PM",
        "username": "Nahid HK",
        "userimg": "lite-removebg-preview.png",
        "title": "<h2>I only work in cyber<\/h2>",
        "img": "hello anyface is security your photo and video in a don\u2019t hack this is your account ... just update to next.gif"
    },
    {
        "date": "1 Sep 2024 - 12:00:00 AM",
        "username": "AnyFace App",
        "userimg": "appicon.png",
        "title": "AnyFace does not take any additional data. It depends on your own local server. You can upload your photos and videos and code them and create a link, but that name will create a website that can be shared with anyone. It will be ongoing. Come on, it's supposed to come in handy for developers. You can start by uploading your photos.\r\npowered by <a href=\"https:\/\/vercal.app\">Vercal<\/a> And <a href=\"https:\/\/github.com\/nahidhk\">Nahid HK<\/a>",
        "img": "ruls.png"
    }
]