[{
        "date": "29 Sep 2024 - 2:08:14 PM",
        "username": "Badol Admin",
        "userimg": "badol.png",
        "title": "",
        "video": "badol.mp4"
    },
    {
        "date": "29 Sep 2024 - 2:08:14 PM",
        "username": "Nahid HK",
        "userimg": "lite.png",
        "title": "",
        "video": "745K views \u00b7 10K reactions \uff5c Linux headquarters is crazy \uff5c Devslopes \uff5c Devslopes \u00b7 Original audio.mp4"
    },
    {
        "date": "28 Sep 2024 - 1:57:50 PM",
        "username": "Juthi Sultana",
        "userimg": "juthi.jpg",
        "title": "",
        "video": " \u0438 \u041c\u0435\u0434\u0432\u0435\u0434\u044c, \u043f\u0435\u0441\u0435\u043d\u043a\u0430 \u043f\u0440\u043e \u043a\u0440\u0430\u0441\u043a\u0438, \u0441\u0435\u0440\u0438\u044f 27, Masha and the Bear.mp4"
    },
    {
        "username": "AnyFace App",
        "userimg": "appicon.png",
        "title": "",
        "video": "video.mp4"
    }
]